"Grade","Sex","Enrol","Success"
"3rd","Male","Postgrad","No"
"3rd","Male","Postgrad","No"
"3rd","Male","Postgrad","No"
"3rd","Male","Postgrad","No"
"3rd","Male","Postgrad","No"
"3rd","Male","Postgrad","No"
"3rd","Male","Postgrad","No"
"3rd","Male","Postgrad","No"
"3rd","Male","Postgrad","No"
"3rd","Male","Postgrad","No"
"3rd","Male","Postgrad","No"
"3rd","Male","Postgrad","No"
"3rd","Male","Postgrad","No"
"3rd","Male","Postgrad","No"
"3rd","Male","Postgrad","No"
"3rd","Male","Postgrad","No"
"3rd","Male","Postgrad","No"
"3rd","Male","Postgrad","No"
"3rd","Male","Postgrad","No"
"3rd","Male","Postgrad","No"
"3rd","Male","Postgrad","No"
"3rd","Male","Postgrad","No"
"3rd","Male","Postgrad","No"
"3rd","Male","Postgrad","No"
"3rd","Male","Postgrad","No"
"3rd","Male","Postgrad","No"
"3rd","Male","Postgrad","No"
"3rd","Male","Postgrad","No"
"3rd","Male","Postgrad","No"
"3rd","Male","Postgrad","No"
"3rd","Male","Postgrad","No"
"3rd","Male","Postgrad","No"
"3rd","Male","Postgrad","No"
"3rd","Male","Postgrad","No"
"3rd","Male","Postgrad","No"
"3rd","Female","Postgrad","No"
"3rd","Female","Postgrad","No"
"3rd","Female","Postgrad","No"
"3rd","Female","Postgrad","No"
"3rd","Female","Postgrad","No"
"3rd","Female","Postgrad","No"
"3rd","Female","Postgrad","No"
"3rd","Female","Postgrad","No"
"3rd","Female","Postgrad","No"
"3rd","Female","Postgrad","No"
"3rd","Female","Postgrad","No"
"3rd","Female","Postgrad","No"
"3rd","Female","Postgrad","No"
"3rd","Female","Postgrad","No"
"3rd","Female","Postgrad","No"
"3rd","Female","Postgrad","No"
"3rd","Female","Postgrad","No"
"1st","Male","Undergrad","No"
"1st","Male","Undergrad","No"
"1st","Male","Undergrad","No"
"1st","Male","Undergrad","No"
"1st","Male","Undergrad","No"
"1st","Male","Undergrad","No"
"1st","Male","Undergrad","No"
"1st","Male","Undergrad","No"
"1st","Male","Undergrad","No"
"1st","Male","Undergrad","No"
"1st","Male","Undergrad","No"
"1st","Male","Undergrad","No"
"1st","Male","Undergrad","No"
"1st","Male","Undergrad","No"
"1st","Male","Undergrad","No"
"1st","Male","Undergrad","No"
"1st","Male","Undergrad","No"
"1st","Male","Undergrad","No"
"1st","Male","Undergrad","No"
"1st","Male","Undergrad","No"
"1st","Male","Undergrad","No"
"1st","Male","Undergrad","No"
"1st","Male","Undergrad","No"
"1st","Male","Undergrad","No"
"1st","Male","Undergrad","No"
"1st","Male","Undergrad","No"
"1st","Male","Undergrad","No"
"1st","Male","Undergrad","No"
"1st","Male","Undergrad","No"
"1st","Male","Undergrad","No"
"1st","Male","Undergrad","No"
"1st","Male","Undergrad","No"
"1st","Male","Undergrad","No"
"1st","Male","Undergrad","No"
"1st","Male","Undergrad","No"
"1st","Male","Undergrad","No"
"1st","Male","Undergrad","No"
"1st","Male","Undergrad","No"
"1st","Male","Undergrad","No"
"1st","Male","Undergrad","No"
"1st","Male","Undergrad","No"
"1st","Male","Undergrad","No"
"1st","Male","Undergrad","No"
"1st","Male","Undergrad","No"
"1st","Male","Undergrad","No"
"1st","Male","Undergrad","No"
"1st","Male","Undergrad","No"
"1st","Male","Undergrad","No"
"1st","Male","Undergrad","No"
"1st","Male","Undergrad","No"
"1st","Male","Undergrad","No"
"1st","Male","Undergrad","No"
"1st","Male","Undergrad","No"
"1st","Male","Undergrad","No"
"1st","Male","Undergrad","No"
"1st","Male","Undergrad","No"
"1st","Male","Undergrad","No"
"1st","Male","Undergrad","No"
"1st","Male","Undergrad","No"
"1st","Male","Undergrad","No"
"1st","Male","Undergrad","No"
"1st","Male","Undergrad","No"
"1st","Male","Undergrad","No"
"1st","Male","Undergrad","No"
"1st","Male","Undergrad","No"
"1st","Male","Undergrad","No"
"1st","Male","Undergrad","No"
"1st","Male","Undergrad","No"
"1st","Male","Undergrad","No"
"1st","Male","Undergrad","No"
"1st","Male","Undergrad","No"
"1st","Male","Undergrad","No"
"1st","Male","Undergrad","No"
"1st","Male","Undergrad","No"
"1st","Male","Undergrad","No"
"1st","Male","Undergrad","No"
"1st","Male","Undergrad","No"
"1st","Male","Undergrad","No"
"1st","Male","Undergrad","No"
"1st","Male","Undergrad","No"
"1st","Male","Undergrad","No"
"1st","Male","Undergrad","No"
"1st","Male","Undergrad","No"
"1st","Male","Undergrad","No"
"1st","Male","Undergrad","No"
"1st","Male","Undergrad","No"
"1st","Male","Undergrad","No"
"1st","Male","Undergrad","No"
"1st","Male","Undergrad","No"
"1st","Male","Undergrad","No"
"1st","Male","Undergrad","No"
"1st","Male","Undergrad","No"
"1st","Male","Undergrad","No"
"1st","Male","Undergrad","No"
"1st","Male","Undergrad","No"
"1st","Male","Undergrad","No"
"1st","Male","Undergrad","No"
"1st","Male","Undergrad","No"
"1st","Male","Undergrad","No"
"1st","Male","Undergrad","No"
"1st","Male","Undergrad","No"
"1st","Male","Undergrad","No"
"1st","Male","Undergrad","No"
"1st","Male","Undergrad","No"
"1st","Male","Undergrad","No"
"1st","Male","Undergrad","No"
"1st","Male","Undergrad","No"
"1st","Male","Undergrad","No"
"1st","Male","Undergrad","No"
"1st","Male","Undergrad","No"
"1st","Male","Undergrad","No"
"1st","Male","Undergrad","No"
"1st","Male","Undergrad","No"
"1st","Male","Undergrad","No"
"1st","Male","Undergrad","No"
"1st","Male","Undergrad","No"
"1st","Male","Undergrad","No"
"1st","Male","Undergrad","No"
"2nd","Male","Undergrad","No"
"2nd","Male","Undergrad","No"
"2nd","Male","Undergrad","No"
"2nd","Male","Undergrad","No"
"2nd","Male","Undergrad","No"
"2nd","Male","Undergrad","No"
"2nd","Male","Undergrad","No"
"2nd","Male","Undergrad","No"
"2nd","Male","Undergrad","No"
"2nd","Male","Undergrad","No"
"2nd","Male","Undergrad","No"
"2nd","Male","Undergrad","No"
"2nd","Male","Undergrad","No"
"2nd","Male","Undergrad","No"
"2nd","Male","Undergrad","No"
"2nd","Male","Undergrad","No"
"2nd","Male","Undergrad","No"
"2nd","Male","Undergrad","No"
"2nd","Male","Undergrad","No"
"2nd","Male","Undergrad","No"
"2nd","Male","Undergrad","No"
"2nd","Male","Undergrad","No"
"2nd","Male","Undergrad","No"
"2nd","Male","Undergrad","No"
"2nd","Male","Undergrad","No"
"2nd","Male","Undergrad","No"
"2nd","Male","Undergrad","No"
"2nd","Male","Undergrad","No"
"2nd","Male","Undergrad","No"
"2nd","Male","Undergrad","No"
"2nd","Male","Undergrad","No"
"2nd","Male","Undergrad","No"
"2nd","Male","Undergrad","No"
"2nd","Male","Undergrad","No"
"2nd","Male","Undergrad","No"
"2nd","Male","Undergrad","No"
"2nd","Male","Undergrad","No"
"2nd","Male","Undergrad","No"
"2nd","Male","Undergrad","No"
"2nd","Male","Undergrad","No"
"2nd","Male","Undergrad","No"
"2nd","Male","Undergrad","No"
"2nd","Male","Undergrad","No"
"2nd","Male","Undergrad","No"
"2nd","Male","Undergrad","No"
"2nd","Male","Undergrad","No"
"2nd","Male","Undergrad","No"
"2nd","Male","Undergrad","No"
"2nd","Male","Undergrad","No"
"2nd","Male","Undergrad","No"
"2nd","Male","Undergrad","No"
"2nd","Male","Undergrad","No"
"2nd","Male","Undergrad","No"
"2nd","Male","Undergrad","No"
"2nd","Male","Undergrad","No"
"2nd","Male","Undergrad","No"
"2nd","Male","Undergrad","No"
"2nd","Male","Undergrad","No"
"2nd","Male","Undergrad","No"
"2nd","Male","Undergrad","No"
"2nd","Male","Undergrad","No"
"2nd","Male","Undergrad","No"
"2nd","Male","Undergrad","No"
"2nd","Male","Undergrad","No"
"2nd","Male","Undergrad","No"
"2nd","Male","Undergrad","No"
"2nd","Male","Undergrad","No"
"2nd","Male","Undergrad","No"
"2nd","Male","Undergrad","No"
"2nd","Male","Undergrad","No"
"2nd","Male","Undergrad","No"
"2nd","Male","Undergrad","No"
"2nd","Male","Undergrad","No"
"2nd","Male","Undergrad","No"
"2nd","Male","Undergrad","No"
"2nd","Male","Undergrad","No"
"2nd","Male","Undergrad","No"
"2nd","Male","Undergrad","No"
"2nd","Male","Undergrad","No"
"2nd","Male","Undergrad","No"
"2nd","Male","Undergrad","No"
"2nd","Male","Undergrad","No"
"2nd","Male","Undergrad","No"
"2nd","Male","Undergrad","No"
"2nd","Male","Undergrad","No"
"2nd","Male","Undergrad","No"
"2nd","Male","Undergrad","No"
"2nd","Male","Undergrad","No"
"2nd","Male","Undergrad","No"
"2nd","Male","Undergrad","No"
"2nd","Male","Undergrad","No"
"2nd","Male","Undergrad","No"
"2nd","Male","Undergrad","No"
"2nd","Male","Undergrad","No"
"2nd","Male","Undergrad","No"
"2nd","Male","Undergrad","No"
"2nd","Male","Undergrad","No"
"2nd","Male","Undergrad","No"
"2nd","Male","Undergrad","No"
"2nd","Male","Undergrad","No"
"2nd","Male","Undergrad","No"
"2nd","Male","Undergrad","No"
"2nd","Male","Undergrad","No"
"2nd","Male","Undergrad","No"
"2nd","Male","Undergrad","No"
"2nd","Male","Undergrad","No"
"2nd","Male","Undergrad","No"
"2nd","Male","Undergrad","No"
"2nd","Male","Undergrad","No"
"2nd","Male","Undergrad","No"
"2nd","Male","Undergrad","No"
"2nd","Male","Undergrad","No"
"2nd","Male","Undergrad","No"
"2nd","Male","Undergrad","No"
"2nd","Male","Undergrad","No"
"2nd","Male","Undergrad","No"
"2nd","Male","Undergrad","No"
"2nd","Male","Undergrad","No"
"2nd","Male","Undergrad","No"
"2nd","Male","Undergrad","No"
"2nd","Male","Undergrad","No"
"2nd","Male","Undergrad","No"
"2nd","Male","Undergrad","No"
"2nd","Male","Undergrad","No"
"2nd","Male","Undergrad","No"
"2nd","Male","Undergrad","No"
"2nd","Male","Undergrad","No"
"2nd","Male","Undergrad","No"
"2nd","Male","Undergrad","No"
"2nd","Male","Undergrad","No"
"2nd","Male","Undergrad","No"
"2nd","Male","Undergrad","No"
"2nd","Male","Undergrad","No"
"2nd","Male","Undergrad","No"
"2nd","Male","Undergrad","No"
"2nd","Male","Undergrad","No"
"2nd","Male","Undergrad","No"
"2nd","Male","Undergrad","No"
"2nd","Male","Undergrad","No"
"2nd","Male","Undergrad","No"
"2nd","Male","Undergrad","No"
"2nd","Male","Undergrad","No"
"2nd","Male","Undergrad","No"
"2nd","Male","Undergrad","No"
"2nd","Male","Undergrad","No"
"2nd","Male","Undergrad","No"
"2nd","Male","Undergrad","No"
"2nd","Male","Undergrad","No"
"2nd","Male","Undergrad","No"
"2nd","Male","Undergrad","No"
"2nd","Male","Undergrad","No"
"2nd","Male","Undergrad","No"
"2nd","Male","Undergrad","No"
"2nd","Male","Undergrad","No"
"3rd","Male","Undergrad","No"
"3rd","Male","Undergrad","No"
"3rd","Male","Undergrad","No"
"3rd","Male","Undergrad","No"
"3rd","Male","Undergrad","No"
"3rd","Male","Undergrad","No"
"3rd","Male","Undergrad","No"
"3rd","Male","Undergrad","No"
"3rd","Male","Undergrad","No"
"3rd","Male","Undergrad","No"
"3rd","Male","Undergrad","No"
"3rd","Male","Undergrad","No"
"3rd","Male","Undergrad","No"
"3rd","Male","Undergrad","No"
"3rd","Male","Undergrad","No"
"3rd","Male","Undergrad","No"
"3rd","Male","Undergrad","No"
"3rd","Male","Undergrad","No"
"3rd","Male","Undergrad","No"
"3rd","Male","Undergrad","No"
"3rd","Male","Undergrad","No"
"3rd","Male","Undergrad","No"
"3rd","Male","Undergrad","No"
"3rd","Male","Undergrad","No"
"3rd","Male","Undergrad","No"
"3rd","Male","Undergrad","No"
"3rd","Male","Undergrad","No"
"3rd","Male","Undergrad","No"
"3rd","Male","Undergrad","No"
"3rd","Male","Undergrad","No"
"3rd","Male","Undergrad","No"
"3rd","Male","Undergrad","No"
"3rd","Male","Undergrad","No"
"3rd","Male","Undergrad","No"
"3rd","Male","Undergrad","No"
"3rd","Male","Undergrad","No"
"3rd","Male","Undergrad","No"
"3rd","Male","Undergrad","No"
"3rd","Male","Undergrad","No"
"3rd","Male","Undergrad","No"
"3rd","Male","Undergrad","No"
"3rd","Male","Undergrad","No"
"3rd","Male","Undergrad","No"
"3rd","Male","Undergrad","No"
"3rd","Male","Undergrad","No"
"3rd","Male","Undergrad","No"
"3rd","Male","Undergrad","No"
"3rd","Male","Undergrad","No"
"3rd","Male","Undergrad","No"
"3rd","Male","Undergrad","No"
"3rd","Male","Undergrad","No"
"3rd","Male","Undergrad","No"
"3rd","Male","Undergrad","No"
"3rd","Male","Undergrad","No"
"3rd","Male","Undergrad","No"
"3rd","Male","Undergrad","No"
"3rd","Male","Undergrad","No"
"3rd","Male","Undergrad","No"
"3rd","Male","Undergrad","No"
"3rd","Male","Undergrad","No"
"3rd","Male","Undergrad","No"
"3rd","Male","Undergrad","No"
"3rd","Male","Undergrad","No"
"3rd","Male","Undergrad","No"
"3rd","Male","Undergrad","No"
"3rd","Male","Undergrad","No"
"3rd","Male","Undergrad","No"
"3rd","Male","Undergrad","No"
"3rd","Male","Undergrad","No"
"3rd","Male","Undergrad","No"
"3rd","Male","Undergrad","No"
"3rd","Male","Undergrad","No"
"3rd","Male","Undergrad","No"
"3rd","Male","Undergrad","No"
"3rd","Male","Undergrad","No"
"3rd","Male","Undergrad","No"
"3rd","Male","Undergrad","No"
"3rd","Male","Undergrad","No"
"3rd","Male","Undergrad","No"
"3rd","Male","Undergrad","No"
"3rd","Male","Undergrad","No"
"3rd","Male","Undergrad","No"
"3rd","Male","Undergrad","No"
"3rd","Male","Undergrad","No"
"3rd","Male","Undergrad","No"
"3rd","Male","Undergrad","No"
"3rd","Male","Undergrad","No"
"3rd","Male","Undergrad","No"
"3rd","Male","Undergrad","No"
"3rd","Male","Undergrad","No"
"3rd","Male","Undergrad","No"
"3rd","Male","Undergrad","No"
"3rd","Male","Undergrad","No"
"3rd","Male","Undergrad","No"
"3rd","Male","Undergrad","No"
"3rd","Male","Undergrad","No"
"3rd","Male","Undergrad","No"
"3rd","Male","Undergrad","No"
"3rd","Male","Undergrad","No"
"3rd","Male","Undergrad","No"
"3rd","Male","Undergrad","No"
"3rd","Male","Undergrad","No"
"3rd","Male","Undergrad","No"
"3rd","Male","Undergrad","No"
"3rd","Male","Undergrad","No"
"3rd","Male","Undergrad","No"
"3rd","Male","Undergrad","No"
"3rd","Male","Undergrad","No"
"3rd","Male","Undergrad","No"
"3rd","Male","Undergrad","No"
"3rd","Male","Undergrad","No"
"3rd","Male","Undergrad","No"
"3rd","Male","Undergrad","No"
"3rd","Male","Undergrad","No"
"3rd","Male","Undergrad","No"
"3rd","Male","Undergrad","No"
"3rd","Male","Undergrad","No"
"3rd","Male","Undergrad","No"
"3rd","Male","Undergrad","No"
"3rd","Male","Undergrad","No"
"3rd","Male","Undergrad","No"
"3rd","Male","Undergrad","No"
"3rd","Male","Undergrad","No"
"3rd","Male","Undergrad","No"
"3rd","Male","Undergrad","No"
"3rd","Male","Undergrad","No"
"3rd","Male","Undergrad","No"
"3rd","Male","Undergrad","No"
"3rd","Male","Undergrad","No"
"3rd","Male","Undergrad","No"
"3rd","Male","Undergrad","No"
"3rd","Male","Undergrad","No"
"3rd","Male","Undergrad","No"
"3rd","Male","Undergrad","No"
"3rd","Male","Undergrad","No"
"3rd","Male","Undergrad","No"
"3rd","Male","Undergrad","No"
"3rd","Male","Undergrad","No"
"3rd","Male","Undergrad","No"
"3rd","Male","Undergrad","No"
"3rd","Male","Undergrad","No"
"3rd","Male","Undergrad","No"
"3rd","Male","Undergrad","No"
"3rd","Male","Undergrad","No"
"3rd","Male","Undergrad","No"
"3rd","Male","Undergrad","No"
"3rd","Male","Undergrad","No"
"3rd","Male","Undergrad","No"
"3rd","Male","Undergrad","No"
"3rd","Male","Undergrad","No"
"3rd","Male","Undergrad","No"
"3rd","Male","Undergrad","No"
"3rd","Male","Undergrad","No"
"3rd","Male","Undergrad","No"
"3rd","Male","Undergrad","No"
"3rd","Male","Undergrad","No"
"3rd","Male","Undergrad","No"
"3rd","Male","Undergrad","No"
"3rd","Male","Undergrad","No"
"3rd","Male","Undergrad","No"
"3rd","Male","Undergrad","No"
"3rd","Male","Undergrad","No"
"3rd","Male","Undergrad","No"
"3rd","Male","Undergrad","No"
"3rd","Male","Undergrad","No"
"3rd","Male","Undergrad","No"
"3rd","Male","Undergrad","No"
"3rd","Male","Undergrad","No"
"3rd","Male","Undergrad","No"
"3rd","Male","Undergrad","No"
"3rd","Male","Undergrad","No"
"3rd","Male","Undergrad","No"
"3rd","Male","Undergrad","No"
"3rd","Male","Undergrad","No"
"3rd","Male","Undergrad","No"
"3rd","Male","Undergrad","No"
"3rd","Male","Undergrad","No"
"3rd","Male","Undergrad","No"
"3rd","Male","Undergrad","No"
"3rd","Male","Undergrad","No"
"3rd","Male","Undergrad","No"
"3rd","Male","Undergrad","No"
"3rd","Male","Undergrad","No"
"3rd","Male","Undergrad","No"
"3rd","Male","Undergrad","No"
"3rd","Male","Undergrad","No"
"3rd","Male","Undergrad","No"
"3rd","Male","Undergrad","No"
"3rd","Male","Undergrad","No"
"3rd","Male","Undergrad","No"
"3rd","Male","Undergrad","No"
"3rd","Male","Undergrad","No"
"3rd","Male","Undergrad","No"
"3rd","Male","Undergrad","No"
"3rd","Male","Undergrad","No"
"3rd","Male","Undergrad","No"
"3rd","Male","Undergrad","No"
"3rd","Male","Undergrad","No"
"3rd","Male","Undergrad","No"
"3rd","Male","Undergrad","No"
"3rd","Male","Undergrad","No"
"3rd","Male","Undergrad","No"
"3rd","Male","Undergrad","No"
"3rd","Male","Undergrad","No"
"3rd","Male","Undergrad","No"
"3rd","Male","Undergrad","No"
"3rd","Male","Undergrad","No"
"3rd","Male","Undergrad","No"
"3rd","Male","Undergrad","No"
"3rd","Male","Undergrad","No"
"3rd","Male","Undergrad","No"
"3rd","Male","Undergrad","No"
"3rd","Male","Undergrad","No"
"3rd","Male","Undergrad","No"
"3rd","Male","Undergrad","No"
"3rd","Male","Undergrad","No"
"3rd","Male","Undergrad","No"
"3rd","Male","Undergrad","No"
"3rd","Male","Undergrad","No"
"3rd","Male","Undergrad","No"
"3rd","Male","Undergrad","No"
"3rd","Male","Undergrad","No"
"3rd","Male","Undergrad","No"
"3rd","Male","Undergrad","No"
"3rd","Male","Undergrad","No"
"3rd","Male","Undergrad","No"
"3rd","Male","Undergrad","No"
"3rd","Male","Undergrad","No"
"3rd","Male","Undergrad","No"
"3rd","Male","Undergrad","No"
"3rd","Male","Undergrad","No"
"3rd","Male","Undergrad","No"
"3rd","Male","Undergrad","No"
"3rd","Male","Undergrad","No"
"3rd","Male","Undergrad","No"
"3rd","Male","Undergrad","No"
"3rd","Male","Undergrad","No"
"3rd","Male","Undergrad","No"
"3rd","Male","Undergrad","No"
"3rd","Male","Undergrad","No"
"3rd","Male","Undergrad","No"
"3rd","Male","Undergrad","No"
"3rd","Male","Undergrad","No"
"3rd","Male","Undergrad","No"
"3rd","Male","Undergrad","No"
"3rd","Male","Undergrad","No"
"3rd","Male","Undergrad","No"
"3rd","Male","Undergrad","No"
"3rd","Male","Undergrad","No"
"3rd","Male","Undergrad","No"
"3rd","Male","Undergrad","No"
"3rd","Male","Undergrad","No"
"3rd","Male","Undergrad","No"
"3rd","Male","Undergrad","No"
"3rd","Male","Undergrad","No"
"3rd","Male","Undergrad","No"
"3rd","Male","Undergrad","No"
"3rd","Male","Undergrad","No"
"3rd","Male","Undergrad","No"
"3rd","Male","Undergrad","No"
"3rd","Male","Undergrad","No"
"3rd","Male","Undergrad","No"
"3rd","Male","Undergrad","No"
"3rd","Male","Undergrad","No"
"3rd","Male","Undergrad","No"
"3rd","Male","Undergrad","No"
"3rd","Male","Undergrad","No"
"3rd","Male","Undergrad","No"
"3rd","Male","Undergrad","No"
"3rd","Male","Undergrad","No"
"3rd","Male","Undergrad","No"
"3rd","Male","Undergrad","No"
"3rd","Male","Undergrad","No"
"3rd","Male","Undergrad","No"
"3rd","Male","Undergrad","No"
"3rd","Male","Undergrad","No"
"3rd","Male","Undergrad","No"
"3rd","Male","Undergrad","No"
"3rd","Male","Undergrad","No"
"3rd","Male","Undergrad","No"
"3rd","Male","Undergrad","No"
"3rd","Male","Undergrad","No"
"3rd","Male","Undergrad","No"
"3rd","Male","Undergrad","No"
"3rd","Male","Undergrad","No"
"3rd","Male","Undergrad","No"
"3rd","Male","Undergrad","No"
"3rd","Male","Undergrad","No"
"3rd","Male","Undergrad","No"
"3rd","Male","Undergrad","No"
"3rd","Male","Undergrad","No"
"3rd","Male","Undergrad","No"
"3rd","Male","Undergrad","No"
"3rd","Male","Undergrad","No"
"3rd","Male","Undergrad","No"
"3rd","Male","Undergrad","No"
"3rd","Male","Undergrad","No"
"3rd","Male","Undergrad","No"
"3rd","Male","Undergrad","No"
"3rd","Male","Undergrad","No"
"3rd","Male","Undergrad","No"
"3rd","Male","Undergrad","No"
"3rd","Male","Undergrad","No"
"3rd","Male","Undergrad","No"
"3rd","Male","Undergrad","No"
"3rd","Male","Undergrad","No"
"3rd","Male","Undergrad","No"
"3rd","Male","Undergrad","No"
"3rd","Male","Undergrad","No"
"3rd","Male","Undergrad","No"
"3rd","Male","Undergrad","No"
"3rd","Male","Undergrad","No"
"3rd","Male","Undergrad","No"
"3rd","Male","Undergrad","No"
"3rd","Male","Undergrad","No"
"3rd","Male","Undergrad","No"
"3rd","Male","Undergrad","No"
"3rd","Male","Undergrad","No"
"3rd","Male","Undergrad","No"
"3rd","Male","Undergrad","No"
"3rd","Male","Undergrad","No"
"3rd","Male","Undergrad","No"
"3rd","Male","Undergrad","No"
"3rd","Male","Undergrad","No"
"3rd","Male","Undergrad","No"
"3rd","Male","Undergrad","No"
"3rd","Male","Undergrad","No"
"3rd","Male","Undergrad","No"
"3rd","Male","Undergrad","No"
"3rd","Male","Undergrad","No"
"3rd","Male","Undergrad","No"
"3rd","Male","Undergrad","No"
"3rd","Male","Undergrad","No"
"3rd","Male","Undergrad","No"
"3rd","Male","Undergrad","No"
"3rd","Male","Undergrad","No"
"3rd","Male","Undergrad","No"
"3rd","Male","Undergrad","No"
"3rd","Male","Undergrad","No"
"3rd","Male","Undergrad","No"
"3rd","Male","Undergrad","No"
"3rd","Male","Undergrad","No"
"3rd","Male","Undergrad","No"
"3rd","Male","Undergrad","No"
"3rd","Male","Undergrad","No"
"3rd","Male","Undergrad","No"
"3rd","Male","Undergrad","No"
"3rd","Male","Undergrad","No"
"3rd","Male","Undergrad","No"
"3rd","Male","Undergrad","No"
"3rd","Male","Undergrad","No"
"3rd","Male","Undergrad","No"
"3rd","Male","Undergrad","No"
"3rd","Male","Undergrad","No"
"3rd","Male","Undergrad","No"
"3rd","Male","Undergrad","No"
"3rd","Male","Undergrad","No"
"3rd","Male","Undergrad","No"
"3rd","Male","Undergrad","No"
"3rd","Male","Undergrad","No"
"3rd","Male","Undergrad","No"
"3rd","Male","Undergrad","No"
"3rd","Male","Undergrad","No"
"3rd","Male","Undergrad","No"
"3rd","Male","Undergrad","No"
"3rd","Male","Undergrad","No"
"3rd","Male","Undergrad","No"
"3rd","Male","Undergrad","No"
"3rd","Male","Undergrad","No"
"3rd","Male","Undergrad","No"
"3rd","Male","Undergrad","No"
"3rd","Male","Undergrad","No"
"3rd","Male","Undergrad","No"
"3rd","Male","Undergrad","No"
"3rd","Male","Undergrad","No"
"3rd","Male","Undergrad","No"
"3rd","Male","Undergrad","No"
"3rd","Male","Undergrad","No"
"3rd","Male","Undergrad","No"
"3rd","Male","Undergrad","No"
"3rd","Male","Undergrad","No"
"3rd","Male","Undergrad","No"
"3rd","Male","Undergrad","No"
"3rd","Male","Undergrad","No"
"3rd","Male","Undergrad","No"
"3rd","Male","Undergrad","No"
"3rd","Male","Undergrad","No"
"4th","Male","Undergrad","No"
"4th","Male","Undergrad","No"
"4th","Male","Undergrad","No"
"4th","Male","Undergrad","No"
"4th","Male","Undergrad","No"
"4th","Male","Undergrad","No"
"4th","Male","Undergrad","No"
"4th","Male","Undergrad","No"
"4th","Male","Undergrad","No"
"4th","Male","Undergrad","No"
"4th","Male","Undergrad","No"
"4th","Male","Undergrad","No"
"4th","Male","Undergrad","No"
"4th","Male","Undergrad","No"
"4th","Male","Undergrad","No"
"4th","Male","Undergrad","No"
"4th","Male","Undergrad","No"
"4th","Male","Undergrad","No"
"4th","Male","Undergrad","No"
"4th","Male","Undergrad","No"
"4th","Male","Undergrad","No"
"4th","Male","Undergrad","No"
"4th","Male","Undergrad","No"
"4th","Male","Undergrad","No"
"4th","Male","Undergrad","No"
"4th","Male","Undergrad","No"
"4th","Male","Undergrad","No"
"4th","Male","Undergrad","No"
"4th","Male","Undergrad","No"
"4th","Male","Undergrad","No"
"4th","Male","Undergrad","No"
"4th","Male","Undergrad","No"
"4th","Male","Undergrad","No"
"4th","Male","Undergrad","No"
"4th","Male","Undergrad","No"
"4th","Male","Undergrad","No"
"4th","Male","Undergrad","No"
"4th","Male","Undergrad","No"
"4th","Male","Undergrad","No"
"4th","Male","Undergrad","No"
"4th","Male","Undergrad","No"
"4th","Male","Undergrad","No"
"4th","Male","Undergrad","No"
"4th","Male","Undergrad","No"
"4th","Male","Undergrad","No"
"4th","Male","Undergrad","No"
"4th","Male","Undergrad","No"
"4th","Male","Undergrad","No"
"4th","Male","Undergrad","No"
"4th","Male","Undergrad","No"
"4th","Male","Undergrad","No"
"4th","Male","Undergrad","No"
"4th","Male","Undergrad","No"
"4th","Male","Undergrad","No"
"4th","Male","Undergrad","No"
"4th","Male","Undergrad","No"
"4th","Male","Undergrad","No"
"4th","Male","Undergrad","No"
"4th","Male","Undergrad","No"
"4th","Male","Undergrad","No"
"4th","Male","Undergrad","No"
"4th","Male","Undergrad","No"
"4th","Male","Undergrad","No"
"4th","Male","Undergrad","No"
"4th","Male","Undergrad","No"
"4th","Male","Undergrad","No"
"4th","Male","Undergrad","No"
"4th","Male","Undergrad","No"
"4th","Male","Undergrad","No"
"4th","Male","Undergrad","No"
"4th","Male","Undergrad","No"
"4th","Male","Undergrad","No"
"4th","Male","Undergrad","No"
"4th","Male","Undergrad","No"
"4th","Male","Undergrad","No"
"4th","Male","Undergrad","No"
"4th","Male","Undergrad","No"
"4th","Male","Undergrad","No"
"4th","Male","Undergrad","No"
"4th","Male","Undergrad","No"
"4th","Male","Undergrad","No"
"4th","Male","Undergrad","No"
"4th","Male","Undergrad","No"
"4th","Male","Undergrad","No"
"4th","Male","Undergrad","No"
"4th","Male","Undergrad","No"
"4th","Male","Undergrad","No"
"4th","Male","Undergrad","No"
"4th","Male","Undergrad","No"
"4th","Male","Undergrad","No"
"4th","Male","Undergrad","No"
"4th","Male","Undergrad","No"
"4th","Male","Undergrad","No"
"4th","Male","Undergrad","No"
"4th","Male","Undergrad","No"
"4th","Male","Undergrad","No"
"4th","Male","Undergrad","No"
"4th","Male","Undergrad","No"
"4th","Male","Undergrad","No"
"4th","Male","Undergrad","No"
"4th","Male","Undergrad","No"
"4th","Male","Undergrad","No"
"4th","Male","Undergrad","No"
"4th","Male","Undergrad","No"
"4th","Male","Undergrad","No"
"4th","Male","Undergrad","No"
"4th","Male","Undergrad","No"
"4th","Male","Undergrad","No"
"4th","Male","Undergrad","No"
"4th","Male","Undergrad","No"
"4th","Male","Undergrad","No"
"4th","Male","Undergrad","No"
"4th","Male","Undergrad","No"
"4th","Male","Undergrad","No"
"4th","Male","Undergrad","No"
"4th","Male","Undergrad","No"
"4th","Male","Undergrad","No"
"4th","Male","Undergrad","No"
"4th","Male","Undergrad","No"
"4th","Male","Undergrad","No"
"4th","Male","Undergrad","No"
"4th","Male","Undergrad","No"
"4th","Male","Undergrad","No"
"4th","Male","Undergrad","No"
"4th","Male","Undergrad","No"
"4th","Male","Undergrad","No"
"4th","Male","Undergrad","No"
"4th","Male","Undergrad","No"
"4th","Male","Undergrad","No"
"4th","Male","Undergrad","No"
"4th","Male","Undergrad","No"
"4th","Male","Undergrad","No"
"4th","Male","Undergrad","No"
"4th","Male","Undergrad","No"
"4th","Male","Undergrad","No"
"4th","Male","Undergrad","No"
"4th","Male","Undergrad","No"
"4th","Male","Undergrad","No"
"4th","Male","Undergrad","No"
"4th","Male","Undergrad","No"
"4th","Male","Undergrad","No"
"4th","Male","Undergrad","No"
"4th","Male","Undergrad","No"
"4th","Male","Undergrad","No"
"4th","Male","Undergrad","No"
"4th","Male","Undergrad","No"
"4th","Male","Undergrad","No"
"4th","Male","Undergrad","No"
"4th","Male","Undergrad","No"
"4th","Male","Undergrad","No"
"4th","Male","Undergrad","No"
"4th","Male","Undergrad","No"
"4th","Male","Undergrad","No"
"4th","Male","Undergrad","No"
"4th","Male","Undergrad","No"
"4th","Male","Undergrad","No"
"4th","Male","Undergrad","No"
"4th","Male","Undergrad","No"
"4th","Male","Undergrad","No"
"4th","Male","Undergrad","No"
"4th","Male","Undergrad","No"
"4th","Male","Undergrad","No"
"4th","Male","Undergrad","No"
"4th","Male","Undergrad","No"
"4th","Male","Undergrad","No"
"4th","Male","Undergrad","No"
"4th","Male","Undergrad","No"
"4th","Male","Undergrad","No"
"4th","Male","Undergrad","No"
"4th","Male","Undergrad","No"
"4th","Male","Undergrad","No"
"4th","Male","Undergrad","No"
"4th","Male","Undergrad","No"
"4th","Male","Undergrad","No"
"4th","Male","Undergrad","No"
"4th","Male","Undergrad","No"
"4th","Male","Undergrad","No"
"4th","Male","Undergrad","No"
"4th","Male","Undergrad","No"
"4th","Male","Undergrad","No"
"4th","Male","Undergrad","No"
"4th","Male","Undergrad","No"
"4th","Male","Undergrad","No"
"4th","Male","Undergrad","No"
"4th","Male","Undergrad","No"
"4th","Male","Undergrad","No"
"4th","Male","Undergrad","No"
"4th","Male","Undergrad","No"
"4th","Male","Undergrad","No"
"4th","Male","Undergrad","No"
"4th","Male","Undergrad","No"
"4th","Male","Undergrad","No"
"4th","Male","Undergrad","No"
"4th","Male","Undergrad","No"
"4th","Male","Undergrad","No"
"4th","Male","Undergrad","No"
"4th","Male","Undergrad","No"
"4th","Male","Undergrad","No"
"4th","Male","Undergrad","No"
"4th","Male","Undergrad","No"
"4th","Male","Undergrad","No"
"4th","Male","Undergrad","No"
"4th","Male","Undergrad","No"
"4th","Male","Undergrad","No"
"4th","Male","Undergrad","No"
"4th","Male","Undergrad","No"
"4th","Male","Undergrad","No"
"4th","Male","Undergrad","No"
"4th","Male","Undergrad","No"
"4th","Male","Undergrad","No"
"4th","Male","Undergrad","No"
"4th","Male","Undergrad","No"
"4th","Male","Undergrad","No"
"4th","Male","Undergrad","No"
"4th","Male","Undergrad","No"
"4th","Male","Undergrad","No"
"4th","Male","Undergrad","No"
"4th","Male","Undergrad","No"
"4th","Male","Undergrad","No"
"4th","Male","Undergrad","No"
"4th","Male","Undergrad","No"
"4th","Male","Undergrad","No"
"4th","Male","Undergrad","No"
"4th","Male","Undergrad","No"
"4th","Male","Undergrad","No"
"4th","Male","Undergrad","No"
"4th","Male","Undergrad","No"
"4th","Male","Undergrad","No"
"4th","Male","Undergrad","No"
"4th","Male","Undergrad","No"
"4th","Male","Undergrad","No"
"4th","Male","Undergrad","No"
"4th","Male","Undergrad","No"
"4th","Male","Undergrad","No"
"4th","Male","Undergrad","No"
"4th","Male","Undergrad","No"
"4th","Male","Undergrad","No"
"4th","Male","Undergrad","No"
"4th","Male","Undergrad","No"
"4th","Male","Undergrad","No"
"4th","Male","Undergrad","No"
"4th","Male","Undergrad","No"
"4th","Male","Undergrad","No"
"4th","Male","Undergrad","No"
"4th","Male","Undergrad","No"
"4th","Male","Undergrad","No"
"4th","Male","Undergrad","No"
"4th","Male","Undergrad","No"
"4th","Male","Undergrad","No"
"4th","Male","Undergrad","No"
"4th","Male","Undergrad","No"
"4th","Male","Undergrad","No"
"4th","Male","Undergrad","No"
"4th","Male","Undergrad","No"
"4th","Male","Undergrad","No"
"4th","Male","Undergrad","No"
"4th","Male","Undergrad","No"
"4th","Male","Undergrad","No"
"4th","Male","Undergrad","No"
"4th","Male","Undergrad","No"
"4th","Male","Undergrad","No"
"4th","Male","Undergrad","No"
"4th","Male","Undergrad","No"
"4th","Male","Undergrad","No"
"4th","Male","Undergrad","No"
"4th","Male","Undergrad","No"
"4th","Male","Undergrad","No"
"4th","Male","Undergrad","No"
"4th","Male","Undergrad","No"
"4th","Male","Undergrad","No"
"4th","Male","Undergrad","No"
"4th","Male","Undergrad","No"
"4th","Male","Undergrad","No"
"4th","Male","Undergrad","No"
"4th","Male","Undergrad","No"
"4th","Male","Undergrad","No"
"4th","Male","Undergrad","No"
"4th","Male","Undergrad","No"
"4th","Male","Undergrad","No"
"4th","Male","Undergrad","No"
"4th","Male","Undergrad","No"
"4th","Male","Undergrad","No"
"4th","Male","Undergrad","No"
"4th","Male","Undergrad","No"
"4th","Male","Undergrad","No"
"4th","Male","Undergrad","No"
"4th","Male","Undergrad","No"
"4th","Male","Undergrad","No"
"4th","Male","Undergrad","No"
"4th","Male","Undergrad","No"
"4th","Male","Undergrad","No"
"4th","Male","Undergrad","No"
"4th","Male","Undergrad","No"
"4th","Male","Undergrad","No"
"4th","Male","Undergrad","No"
"4th","Male","Undergrad","No"
"4th","Male","Undergrad","No"
"4th","Male","Undergrad","No"
"4th","Male","Undergrad","No"
"4th","Male","Undergrad","No"
"4th","Male","Undergrad","No"
"4th","Male","Undergrad","No"
"4th","Male","Undergrad","No"
"4th","Male","Undergrad","No"
"4th","Male","Undergrad","No"
"4th","Male","Undergrad","No"
"4th","Male","Undergrad","No"
"4th","Male","Undergrad","No"
"4th","Male","Undergrad","No"
"4th","Male","Undergrad","No"
"4th","Male","Undergrad","No"
"4th","Male","Undergrad","No"
"4th","Male","Undergrad","No"
"4th","Male","Undergrad","No"
"4th","Male","Undergrad","No"
"4th","Male","Undergrad","No"
"4th","Male","Undergrad","No"
"4th","Male","Undergrad","No"
"4th","Male","Undergrad","No"
"4th","Male","Undergrad","No"
"4th","Male","Undergrad","No"
"4th","Male","Undergrad","No"
"4th","Male","Undergrad","No"
"4th","Male","Undergrad","No"
"4th","Male","Undergrad","No"
"4th","Male","Undergrad","No"
"4th","Male","Undergrad","No"
"4th","Male","Undergrad","No"
"4th","Male","Undergrad","No"
"4th","Male","Undergrad","No"
"4th","Male","Undergrad","No"
"4th","Male","Undergrad","No"
"4th","Male","Undergrad","No"
"4th","Male","Undergrad","No"
"4th","Male","Undergrad","No"
"4th","Male","Undergrad","No"
"4th","Male","Undergrad","No"
"4th","Male","Undergrad","No"
"4th","Male","Undergrad","No"
"4th","Male","Undergrad","No"
"4th","Male","Undergrad","No"
"4th","Male","Undergrad","No"
"4th","Male","Undergrad","No"
"4th","Male","Undergrad","No"
"4th","Male","Undergrad","No"
"4th","Male","Undergrad","No"
"4th","Male","Undergrad","No"
"4th","Male","Undergrad","No"
"4th","Male","Undergrad","No"
"4th","Male","Undergrad","No"
"4th","Male","Undergrad","No"
"4th","Male","Undergrad","No"
"4th","Male","Undergrad","No"
"4th","Male","Undergrad","No"
"4th","Male","Undergrad","No"
"4th","Male","Undergrad","No"
"4th","Male","Undergrad","No"
"4th","Male","Undergrad","No"
"4th","Male","Undergrad","No"
"4th","Male","Undergrad","No"
"4th","Male","Undergrad","No"
"4th","Male","Undergrad","No"
"4th","Male","Undergrad","No"
"4th","Male","Undergrad","No"
"4th","Male","Undergrad","No"
"4th","Male","Undergrad","No"
"4th","Male","Undergrad","No"
"4th","Male","Undergrad","No"
"4th","Male","Undergrad","No"
"4th","Male","Undergrad","No"
"4th","Male","Undergrad","No"
"4th","Male","Undergrad","No"
"4th","Male","Undergrad","No"
"4th","Male","Undergrad","No"
"4th","Male","Undergrad","No"
"4th","Male","Undergrad","No"
"4th","Male","Undergrad","No"
"4th","Male","Undergrad","No"
"4th","Male","Undergrad","No"
"4th","Male","Undergrad","No"
"4th","Male","Undergrad","No"
"4th","Male","Undergrad","No"
"4th","Male","Undergrad","No"
"4th","Male","Undergrad","No"
"4th","Male","Undergrad","No"
"4th","Male","Undergrad","No"
"4th","Male","Undergrad","No"
"4th","Male","Undergrad","No"
"4th","Male","Undergrad","No"
"4th","Male","Undergrad","No"
"4th","Male","Undergrad","No"
"4th","Male","Undergrad","No"
"4th","Male","Undergrad","No"
"4th","Male","Undergrad","No"
"4th","Male","Undergrad","No"
"4th","Male","Undergrad","No"
"4th","Male","Undergrad","No"
"4th","Male","Undergrad","No"
"4th","Male","Undergrad","No"
"4th","Male","Undergrad","No"
"4th","Male","Undergrad","No"
"4th","Male","Undergrad","No"
"4th","Male","Undergrad","No"
"4th","Male","Undergrad","No"
"4th","Male","Undergrad","No"
"4th","Male","Undergrad","No"
"4th","Male","Undergrad","No"
"4th","Male","Undergrad","No"
"4th","Male","Undergrad","No"
"4th","Male","Undergrad","No"
"4th","Male","Undergrad","No"
"4th","Male","Undergrad","No"
"4th","Male","Undergrad","No"
"4th","Male","Undergrad","No"
"4th","Male","Undergrad","No"
"4th","Male","Undergrad","No"
"4th","Male","Undergrad","No"
"4th","Male","Undergrad","No"
"4th","Male","Undergrad","No"
"4th","Male","Undergrad","No"
"4th","Male","Undergrad","No"
"4th","Male","Undergrad","No"
"4th","Male","Undergrad","No"
"4th","Male","Undergrad","No"
"4th","Male","Undergrad","No"
"4th","Male","Undergrad","No"
"4th","Male","Undergrad","No"
"4th","Male","Undergrad","No"
"4th","Male","Undergrad","No"
"4th","Male","Undergrad","No"
"4th","Male","Undergrad","No"
"4th","Male","Undergrad","No"
"4th","Male","Undergrad","No"
"4th","Male","Undergrad","No"
"4th","Male","Undergrad","No"
"4th","Male","Undergrad","No"
"4th","Male","Undergrad","No"
"4th","Male","Undergrad","No"
"4th","Male","Undergrad","No"
"4th","Male","Undergrad","No"
"4th","Male","Undergrad","No"
"4th","Male","Undergrad","No"
"4th","Male","Undergrad","No"
"4th","Male","Undergrad","No"
"4th","Male","Undergrad","No"
"4th","Male","Undergrad","No"
"4th","Male","Undergrad","No"
"4th","Male","Undergrad","No"
"4th","Male","Undergrad","No"
"4th","Male","Undergrad","No"
"4th","Male","Undergrad","No"
"4th","Male","Undergrad","No"
"4th","Male","Undergrad","No"
"4th","Male","Undergrad","No"
"4th","Male","Undergrad","No"
"4th","Male","Undergrad","No"
"4th","Male","Undergrad","No"
"4th","Male","Undergrad","No"
"4th","Male","Undergrad","No"
"4th","Male","Undergrad","No"
"4th","Male","Undergrad","No"
"4th","Male","Undergrad","No"
"4th","Male","Undergrad","No"
"4th","Male","Undergrad","No"
"4th","Male","Undergrad","No"
"4th","Male","Undergrad","No"
"4th","Male","Undergrad","No"
"4th","Male","Undergrad","No"
"4th","Male","Undergrad","No"
"4th","Male","Undergrad","No"
"4th","Male","Undergrad","No"
"4th","Male","Undergrad","No"
"4th","Male","Undergrad","No"
"4th","Male","Undergrad","No"
"4th","Male","Undergrad","No"
"4th","Male","Undergrad","No"
"4th","Male","Undergrad","No"
"4th","Male","Undergrad","No"
"4th","Male","Undergrad","No"
"4th","Male","Undergrad","No"
"4th","Male","Undergrad","No"
"4th","Male","Undergrad","No"
"4th","Male","Undergrad","No"
"4th","Male","Undergrad","No"
"4th","Male","Undergrad","No"
"4th","Male","Undergrad","No"
"4th","Male","Undergrad","No"
"4th","Male","Undergrad","No"
"4th","Male","Undergrad","No"
"4th","Male","Undergrad","No"
"4th","Male","Undergrad","No"
"4th","Male","Undergrad","No"
"4th","Male","Undergrad","No"
"4th","Male","Undergrad","No"
"4th","Male","Undergrad","No"
"4th","Male","Undergrad","No"
"4th","Male","Undergrad","No"
"4th","Male","Undergrad","No"
"4th","Male","Undergrad","No"
"4th","Male","Undergrad","No"
"4th","Male","Undergrad","No"
"4th","Male","Undergrad","No"
"4th","Male","Undergrad","No"
"4th","Male","Undergrad","No"
"4th","Male","Undergrad","No"
"4th","Male","Undergrad","No"
"4th","Male","Undergrad","No"
"4th","Male","Undergrad","No"
"4th","Male","Undergrad","No"
"4th","Male","Undergrad","No"
"4th","Male","Undergrad","No"
"4th","Male","Undergrad","No"
"4th","Male","Undergrad","No"
"4th","Male","Undergrad","No"
"4th","Male","Undergrad","No"
"4th","Male","Undergrad","No"
"4th","Male","Undergrad","No"
"4th","Male","Undergrad","No"
"4th","Male","Undergrad","No"
"4th","Male","Undergrad","No"
"4th","Male","Undergrad","No"
"4th","Male","Undergrad","No"
"4th","Male","Undergrad","No"
"4th","Male","Undergrad","No"
"4th","Male","Undergrad","No"
"4th","Male","Undergrad","No"
"4th","Male","Undergrad","No"
"4th","Male","Undergrad","No"
"4th","Male","Undergrad","No"
"4th","Male","Undergrad","No"
"4th","Male","Undergrad","No"
"4th","Male","Undergrad","No"
"4th","Male","Undergrad","No"
"4th","Male","Undergrad","No"
"4th","Male","Undergrad","No"
"4th","Male","Undergrad","No"
"4th","Male","Undergrad","No"
"4th","Male","Undergrad","No"
"4th","Male","Undergrad","No"
"4th","Male","Undergrad","No"
"4th","Male","Undergrad","No"
"4th","Male","Undergrad","No"
"4th","Male","Undergrad","No"
"4th","Male","Undergrad","No"
"4th","Male","Undergrad","No"
"4th","Male","Undergrad","No"
"4th","Male","Undergrad","No"
"4th","Male","Undergrad","No"
"4th","Male","Undergrad","No"
"4th","Male","Undergrad","No"
"4th","Male","Undergrad","No"
"4th","Male","Undergrad","No"
"4th","Male","Undergrad","No"
"4th","Male","Undergrad","No"
"4th","Male","Undergrad","No"
"4th","Male","Undergrad","No"
"4th","Male","Undergrad","No"
"4th","Male","Undergrad","No"
"4th","Male","Undergrad","No"
"4th","Male","Undergrad","No"
"4th","Male","Undergrad","No"
"4th","Male","Undergrad","No"
"4th","Male","Undergrad","No"
"4th","Male","Undergrad","No"
"4th","Male","Undergrad","No"
"4th","Male","Undergrad","No"
"4th","Male","Undergrad","No"
"4th","Male","Undergrad","No"
"4th","Male","Undergrad","No"
"4th","Male","Undergrad","No"
"4th","Male","Undergrad","No"
"4th","Male","Undergrad","No"
"4th","Male","Undergrad","No"
"4th","Male","Undergrad","No"
"4th","Male","Undergrad","No"
"4th","Male","Undergrad","No"
"4th","Male","Undergrad","No"
"4th","Male","Undergrad","No"
"4th","Male","Undergrad","No"
"4th","Male","Undergrad","No"
"4th","Male","Undergrad","No"
"4th","Male","Undergrad","No"
"4th","Male","Undergrad","No"
"4th","Male","Undergrad","No"
"4th","Male","Undergrad","No"
"4th","Male","Undergrad","No"
"4th","Male","Undergrad","No"
"4th","Male","Undergrad","No"
"4th","Male","Undergrad","No"
"4th","Male","Undergrad","No"
"4th","Male","Undergrad","No"
"4th","Male","Undergrad","No"
"4th","Male","Undergrad","No"
"4th","Male","Undergrad","No"
"4th","Male","Undergrad","No"
"4th","Male","Undergrad","No"
"4th","Male","Undergrad","No"
"4th","Male","Undergrad","No"
"4th","Male","Undergrad","No"
"4th","Male","Undergrad","No"
"4th","Male","Undergrad","No"
"4th","Male","Undergrad","No"
"4th","Male","Undergrad","No"
"4th","Male","Undergrad","No"
"4th","Male","Undergrad","No"
"4th","Male","Undergrad","No"
"4th","Male","Undergrad","No"
"4th","Male","Undergrad","No"
"4th","Male","Undergrad","No"
"4th","Male","Undergrad","No"
"4th","Male","Undergrad","No"
"4th","Male","Undergrad","No"
"4th","Male","Undergrad","No"
"4th","Male","Undergrad","No"
"4th","Male","Undergrad","No"
"4th","Male","Undergrad","No"
"4th","Male","Undergrad","No"
"4th","Male","Undergrad","No"
"4th","Male","Undergrad","No"
"4th","Male","Undergrad","No"
"4th","Male","Undergrad","No"
"4th","Male","Undergrad","No"
"4th","Male","Undergrad","No"
"4th","Male","Undergrad","No"
"4th","Male","Undergrad","No"
"4th","Male","Undergrad","No"
"4th","Male","Undergrad","No"
"4th","Male","Undergrad","No"
"4th","Male","Undergrad","No"
"4th","Male","Undergrad","No"
"4th","Male","Undergrad","No"
"4th","Male","Undergrad","No"
"4th","Male","Undergrad","No"
"4th","Male","Undergrad","No"
"4th","Male","Undergrad","No"
"4th","Male","Undergrad","No"
"4th","Male","Undergrad","No"
"4th","Male","Undergrad","No"
"4th","Male","Undergrad","No"
"4th","Male","Undergrad","No"
"4th","Male","Undergrad","No"
"4th","Male","Undergrad","No"
"4th","Male","Undergrad","No"
"4th","Male","Undergrad","No"
"4th","Male","Undergrad","No"
"4th","Male","Undergrad","No"
"4th","Male","Undergrad","No"
"4th","Male","Undergrad","No"
"4th","Male","Undergrad","No"
"4th","Male","Undergrad","No"
"4th","Male","Undergrad","No"
"4th","Male","Undergrad","No"
"4th","Male","Undergrad","No"
"4th","Male","Undergrad","No"
"4th","Male","Undergrad","No"
"4th","Male","Undergrad","No"
"4th","Male","Undergrad","No"
"4th","Male","Undergrad","No"
"4th","Male","Undergrad","No"
"4th","Male","Undergrad","No"
"4th","Male","Undergrad","No"
"4th","Male","Undergrad","No"
"4th","Male","Undergrad","No"
"4th","Male","Undergrad","No"
"4th","Male","Undergrad","No"
"4th","Male","Undergrad","No"
"4th","Male","Undergrad","No"
"4th","Male","Undergrad","No"
"4th","Male","Undergrad","No"
"4th","Male","Undergrad","No"
"1st","Female","Undergrad","No"
"1st","Female","Undergrad","No"
"1st","Female","Undergrad","No"
"1st","Female","Undergrad","No"
"2nd","Female","Undergrad","No"
"2nd","Female","Undergrad","No"
"2nd","Female","Undergrad","No"
"2nd","Female","Undergrad","No"
"2nd","Female","Undergrad","No"
"2nd","Female","Undergrad","No"
"2nd","Female","Undergrad","No"
"2nd","Female","Undergrad","No"
"2nd","Female","Undergrad","No"
"2nd","Female","Undergrad","No"
"2nd","Female","Undergrad","No"
"2nd","Female","Undergrad","No"
"2nd","Female","Undergrad","No"
"3rd","Female","Undergrad","No"
"3rd","Female","Undergrad","No"
"3rd","Female","Undergrad","No"
"3rd","Female","Undergrad","No"
"3rd","Female","Undergrad","No"
"3rd","Female","Undergrad","No"
"3rd","Female","Undergrad","No"
"3rd","Female","Undergrad","No"
"3rd","Female","Undergrad","No"
"3rd","Female","Undergrad","No"
"3rd","Female","Undergrad","No"
"3rd","Female","Undergrad","No"
"3rd","Female","Undergrad","No"
"3rd","Female","Undergrad","No"
"3rd","Female","Undergrad","No"
"3rd","Female","Undergrad","No"
"3rd","Female","Undergrad","No"
"3rd","Female","Undergrad","No"
"3rd","Female","Undergrad","No"
"3rd","Female","Undergrad","No"
"3rd","Female","Undergrad","No"
"3rd","Female","Undergrad","No"
"3rd","Female","Undergrad","No"
"3rd","Female","Undergrad","No"
"3rd","Female","Undergrad","No"
"3rd","Female","Undergrad","No"
"3rd","Female","Undergrad","No"
"3rd","Female","Undergrad","No"
"3rd","Female","Undergrad","No"
"3rd","Female","Undergrad","No"
"3rd","Female","Undergrad","No"
"3rd","Female","Undergrad","No"
"3rd","Female","Undergrad","No"
"3rd","Female","Undergrad","No"
"3rd","Female","Undergrad","No"
"3rd","Female","Undergrad","No"
"3rd","Female","Undergrad","No"
"3rd","Female","Undergrad","No"
"3rd","Female","Undergrad","No"
"3rd","Female","Undergrad","No"
"3rd","Female","Undergrad","No"
"3rd","Female","Undergrad","No"
"3rd","Female","Undergrad","No"
"3rd","Female","Undergrad","No"
"3rd","Female","Undergrad","No"
"3rd","Female","Undergrad","No"
"3rd","Female","Undergrad","No"
"3rd","Female","Undergrad","No"
"3rd","Female","Undergrad","No"
"3rd","Female","Undergrad","No"
"3rd","Female","Undergrad","No"
"3rd","Female","Undergrad","No"
"3rd","Female","Undergrad","No"
"3rd","Female","Undergrad","No"
"3rd","Female","Undergrad","No"
"3rd","Female","Undergrad","No"
"3rd","Female","Undergrad","No"
"3rd","Female","Undergrad","No"
"3rd","Female","Undergrad","No"
"3rd","Female","Undergrad","No"
"3rd","Female","Undergrad","No"
"3rd","Female","Undergrad","No"
"3rd","Female","Undergrad","No"
"3rd","Female","Undergrad","No"
"3rd","Female","Undergrad","No"
"3rd","Female","Undergrad","No"
"3rd","Female","Undergrad","No"
"3rd","Female","Undergrad","No"
"3rd","Female","Undergrad","No"
"3rd","Female","Undergrad","No"
"3rd","Female","Undergrad","No"
"3rd","Female","Undergrad","No"
"3rd","Female","Undergrad","No"
"3rd","Female","Undergrad","No"
"3rd","Female","Undergrad","No"
"3rd","Female","Undergrad","No"
"3rd","Female","Undergrad","No"
"3rd","Female","Undergrad","No"
"3rd","Female","Undergrad","No"
"3rd","Female","Undergrad","No"
"3rd","Female","Undergrad","No"
"3rd","Female","Undergrad","No"
"3rd","Female","Undergrad","No"
"3rd","Female","Undergrad","No"
"3rd","Female","Undergrad","No"
"3rd","Female","Undergrad","No"
"3rd","Female","Undergrad","No"
"3rd","Female","Undergrad","No"
"3rd","Female","Undergrad","No"
"4th","Female","Undergrad","No"
"4th","Female","Undergrad","No"
"4th","Female","Undergrad","No"
"1st","Male","Postgrad","Yes"
"1st","Male","Postgrad","Yes"
"1st","Male","Postgrad","Yes"
"1st","Male","Postgrad","Yes"
"1st","Male","Postgrad","Yes"
"2nd","Male","Postgrad","Yes"
"2nd","Male","Postgrad","Yes"
"2nd","Male","Postgrad","Yes"
"2nd","Male","Postgrad","Yes"
"2nd","Male","Postgrad","Yes"
"2nd","Male","Postgrad","Yes"
"2nd","Male","Postgrad","Yes"
"2nd","Male","Postgrad","Yes"
"2nd","Male","Postgrad","Yes"
"2nd","Male","Postgrad","Yes"
"2nd","Male","Postgrad","Yes"
"3rd","Male","Postgrad","Yes"
"3rd","Male","Postgrad","Yes"
"3rd","Male","Postgrad","Yes"
"3rd","Male","Postgrad","Yes"
"3rd","Male","Postgrad","Yes"
"3rd","Male","Postgrad","Yes"
"3rd","Male","Postgrad","Yes"
"3rd","Male","Postgrad","Yes"
"3rd","Male","Postgrad","Yes"
"3rd","Male","Postgrad","Yes"
"3rd","Male","Postgrad","Yes"
"3rd","Male","Postgrad","Yes"
"3rd","Male","Postgrad","Yes"
"1st","Female","Postgrad","Yes"
"2nd","Female","Postgrad","Yes"
"2nd","Female","Postgrad","Yes"
"2nd","Female","Postgrad","Yes"
"2nd","Female","Postgrad","Yes"
"2nd","Female","Postgrad","Yes"
"2nd","Female","Postgrad","Yes"
"2nd","Female","Postgrad","Yes"
"2nd","Female","Postgrad","Yes"
"2nd","Female","Postgrad","Yes"
"2nd","Female","Postgrad","Yes"
"2nd","Female","Postgrad","Yes"
"2nd","Female","Postgrad","Yes"
"2nd","Female","Postgrad","Yes"
"3rd","Female","Postgrad","Yes"
"3rd","Female","Postgrad","Yes"
"3rd","Female","Postgrad","Yes"
"3rd","Female","Postgrad","Yes"
"3rd","Female","Postgrad","Yes"
"3rd","Female","Postgrad","Yes"
"3rd","Female","Postgrad","Yes"
"3rd","Female","Postgrad","Yes"
"3rd","Female","Postgrad","Yes"
"3rd","Female","Postgrad","Yes"
"3rd","Female","Postgrad","Yes"
"3rd","Female","Postgrad","Yes"
"3rd","Female","Postgrad","Yes"
"3rd","Female","Postgrad","Yes"
"1st","Male","Undergrad","Yes"
"1st","Male","Undergrad","Yes"
"1st","Male","Undergrad","Yes"
"1st","Male","Undergrad","Yes"
"1st","Male","Undergrad","Yes"
"1st","Male","Undergrad","Yes"
"1st","Male","Undergrad","Yes"
"1st","Male","Undergrad","Yes"
"1st","Male","Undergrad","Yes"
"1st","Male","Undergrad","Yes"
"1st","Male","Undergrad","Yes"
"1st","Male","Undergrad","Yes"
"1st","Male","Undergrad","Yes"
"1st","Male","Undergrad","Yes"
"1st","Male","Undergrad","Yes"
"1st","Male","Undergrad","Yes"
"1st","Male","Undergrad","Yes"
"1st","Male","Undergrad","Yes"
"1st","Male","Undergrad","Yes"
"1st","Male","Undergrad","Yes"
"1st","Male","Undergrad","Yes"
"1st","Male","Undergrad","Yes"
"1st","Male","Undergrad","Yes"
"1st","Male","Undergrad","Yes"
"1st","Male","Undergrad","Yes"
"1st","Male","Undergrad","Yes"
"1st","Male","Undergrad","Yes"
"1st","Male","Undergrad","Yes"
"1st","Male","Undergrad","Yes"
"1st","Male","Undergrad","Yes"
"1st","Male","Undergrad","Yes"
"1st","Male","Undergrad","Yes"
"1st","Male","Undergrad","Yes"
"1st","Male","Undergrad","Yes"
"1st","Male","Undergrad","Yes"
"1st","Male","Undergrad","Yes"
"1st","Male","Undergrad","Yes"
"1st","Male","Undergrad","Yes"
"1st","Male","Undergrad","Yes"
"1st","Male","Undergrad","Yes"
"1st","Male","Undergrad","Yes"
"1st","Male","Undergrad","Yes"
"1st","Male","Undergrad","Yes"
"1st","Male","Undergrad","Yes"
"1st","Male","Undergrad","Yes"
"1st","Male","Undergrad","Yes"
"1st","Male","Undergrad","Yes"
"1st","Male","Undergrad","Yes"
"1st","Male","Undergrad","Yes"
"1st","Male","Undergrad","Yes"
"1st","Male","Undergrad","Yes"
"1st","Male","Undergrad","Yes"
"1st","Male","Undergrad","Yes"
"1st","Male","Undergrad","Yes"
"1st","Male","Undergrad","Yes"
"1st","Male","Undergrad","Yes"
"1st","Male","Undergrad","Yes"
"2nd","Male","Undergrad","Yes"
"2nd","Male","Undergrad","Yes"
"2nd","Male","Undergrad","Yes"
"2nd","Male","Undergrad","Yes"
"2nd","Male","Undergrad","Yes"
"2nd","Male","Undergrad","Yes"
"2nd","Male","Undergrad","Yes"
"2nd","Male","Undergrad","Yes"
"2nd","Male","Undergrad","Yes"
"2nd","Male","Undergrad","Yes"
"2nd","Male","Undergrad","Yes"
"2nd","Male","Undergrad","Yes"
"2nd","Male","Undergrad","Yes"
"2nd","Male","Undergrad","Yes"
"3rd","Male","Undergrad","Yes"
"3rd","Male","Undergrad","Yes"
"3rd","Male","Undergrad","Yes"
"3rd","Male","Undergrad","Yes"
"3rd","Male","Undergrad","Yes"
"3rd","Male","Undergrad","Yes"
"3rd","Male","Undergrad","Yes"
"3rd","Male","Undergrad","Yes"
"3rd","Male","Undergrad","Yes"
"3rd","Male","Undergrad","Yes"
"3rd","Male","Undergrad","Yes"
"3rd","Male","Undergrad","Yes"
"3rd","Male","Undergrad","Yes"
"3rd","Male","Undergrad","Yes"
"3rd","Male","Undergrad","Yes"
"3rd","Male","Undergrad","Yes"
"3rd","Male","Undergrad","Yes"
"3rd","Male","Undergrad","Yes"
"3rd","Male","Undergrad","Yes"
"3rd","Male","Undergrad","Yes"
"3rd","Male","Undergrad","Yes"
"3rd","Male","Undergrad","Yes"
"3rd","Male","Undergrad","Yes"
"3rd","Male","Undergrad","Yes"
"3rd","Male","Undergrad","Yes"
"3rd","Male","Undergrad","Yes"
"3rd","Male","Undergrad","Yes"
"3rd","Male","Undergrad","Yes"
"3rd","Male","Undergrad","Yes"
"3rd","Male","Undergrad","Yes"
"3rd","Male","Undergrad","Yes"
"3rd","Male","Undergrad","Yes"
"3rd","Male","Undergrad","Yes"
"3rd","Male","Undergrad","Yes"
"3rd","Male","Undergrad","Yes"
"3rd","Male","Undergrad","Yes"
"3rd","Male","Undergrad","Yes"
"3rd","Male","Undergrad","Yes"
"3rd","Male","Undergrad","Yes"
"3rd","Male","Undergrad","Yes"
"3rd","Male","Undergrad","Yes"
"3rd","Male","Undergrad","Yes"
"3rd","Male","Undergrad","Yes"
"3rd","Male","Undergrad","Yes"
"3rd","Male","Undergrad","Yes"
"3rd","Male","Undergrad","Yes"
"3rd","Male","Undergrad","Yes"
"3rd","Male","Undergrad","Yes"
"3rd","Male","Undergrad","Yes"
"3rd","Male","Undergrad","Yes"
"3rd","Male","Undergrad","Yes"
"3rd","Male","Undergrad","Yes"
"3rd","Male","Undergrad","Yes"
"3rd","Male","Undergrad","Yes"
"3rd","Male","Undergrad","Yes"
"3rd","Male","Undergrad","Yes"
"3rd","Male","Undergrad","Yes"
"3rd","Male","Undergrad","Yes"
"3rd","Male","Undergrad","Yes"
"3rd","Male","Undergrad","Yes"
"3rd","Male","Undergrad","Yes"
"3rd","Male","Undergrad","Yes"
"3rd","Male","Undergrad","Yes"
"3rd","Male","Undergrad","Yes"
"3rd","Male","Undergrad","Yes"
"3rd","Male","Undergrad","Yes"
"3rd","Male","Undergrad","Yes"
"3rd","Male","Undergrad","Yes"
"3rd","Male","Undergrad","Yes"
"3rd","Male","Undergrad","Yes"
"3rd","Male","Undergrad","Yes"
"3rd","Male","Undergrad","Yes"
"3rd","Male","Undergrad","Yes"
"3rd","Male","Undergrad","Yes"
"3rd","Male","Undergrad","Yes"
"4th","Male","Undergrad","Yes"
"4th","Male","Undergrad","Yes"
"4th","Male","Undergrad","Yes"
"4th","Male","Undergrad","Yes"
"4th","Male","Undergrad","Yes"
"4th","Male","Undergrad","Yes"
"4th","Male","Undergrad","Yes"
"4th","Male","Undergrad","Yes"
"4th","Male","Undergrad","Yes"
"4th","Male","Undergrad","Yes"
"4th","Male","Undergrad","Yes"
"4th","Male","Undergrad","Yes"
"4th","Male","Undergrad","Yes"
"4th","Male","Undergrad","Yes"
"4th","Male","Undergrad","Yes"
"4th","Male","Undergrad","Yes"
"4th","Male","Undergrad","Yes"
"4th","Male","Undergrad","Yes"
"4th","Male","Undergrad","Yes"
"4th","Male","Undergrad","Yes"
"4th","Male","Undergrad","Yes"
"4th","Male","Undergrad","Yes"
"4th","Male","Undergrad","Yes"
"4th","Male","Undergrad","Yes"
"4th","Male","Undergrad","Yes"
"4th","Male","Undergrad","Yes"
"4th","Male","Undergrad","Yes"
"4th","Male","Undergrad","Yes"
"4th","Male","Undergrad","Yes"
"4th","Male","Undergrad","Yes"
"4th","Male","Undergrad","Yes"
"4th","Male","Undergrad","Yes"
"4th","Male","Undergrad","Yes"
"4th","Male","Undergrad","Yes"
"4th","Male","Undergrad","Yes"
"4th","Male","Undergrad","Yes"
"4th","Male","Undergrad","Yes"
"4th","Male","Undergrad","Yes"
"4th","Male","Undergrad","Yes"
"4th","Male","Undergrad","Yes"
"4th","Male","Undergrad","Yes"
"4th","Male","Undergrad","Yes"
"4th","Male","Undergrad","Yes"
"4th","Male","Undergrad","Yes"
"4th","Male","Undergrad","Yes"
"4th","Male","Undergrad","Yes"
"4th","Male","Undergrad","Yes"
"4th","Male","Undergrad","Yes"
"4th","Male","Undergrad","Yes"
"4th","Male","Undergrad","Yes"
"4th","Male","Undergrad","Yes"
"4th","Male","Undergrad","Yes"
"4th","Male","Undergrad","Yes"
"4th","Male","Undergrad","Yes"
"4th","Male","Undergrad","Yes"
"4th","Male","Undergrad","Yes"
"4th","Male","Undergrad","Yes"
"4th","Male","Undergrad","Yes"
"4th","Male","Undergrad","Yes"
"4th","Male","Undergrad","Yes"
"4th","Male","Undergrad","Yes"
"4th","Male","Undergrad","Yes"
"4th","Male","Undergrad","Yes"
"4th","Male","Undergrad","Yes"
"4th","Male","Undergrad","Yes"
"4th","Male","Undergrad","Yes"
"4th","Male","Undergrad","Yes"
"4th","Male","Undergrad","Yes"
"4th","Male","Undergrad","Yes"
"4th","Male","Undergrad","Yes"
"4th","Male","Undergrad","Yes"
"4th","Male","Undergrad","Yes"
"4th","Male","Undergrad","Yes"
"4th","Male","Undergrad","Yes"
"4th","Male","Undergrad","Yes"
"4th","Male","Undergrad","Yes"
"4th","Male","Undergrad","Yes"
"4th","Male","Undergrad","Yes"
"4th","Male","Undergrad","Yes"
"4th","Male","Undergrad","Yes"
"4th","Male","Undergrad","Yes"
"4th","Male","Undergrad","Yes"
"4th","Male","Undergrad","Yes"
"4th","Male","Undergrad","Yes"
"4th","Male","Undergrad","Yes"
"4th","Male","Undergrad","Yes"
"4th","Male","Undergrad","Yes"
"4th","Male","Undergrad","Yes"
"4th","Male","Undergrad","Yes"
"4th","Male","Undergrad","Yes"
"4th","Male","Undergrad","Yes"
"4th","Male","Undergrad","Yes"
"4th","Male","Undergrad","Yes"
"4th","Male","Undergrad","Yes"
"4th","Male","Undergrad","Yes"
"4th","Male","Undergrad","Yes"
"4th","Male","Undergrad","Yes"
"4th","Male","Undergrad","Yes"
"4th","Male","Undergrad","Yes"
"4th","Male","Undergrad","Yes"
"4th","Male","Undergrad","Yes"
"4th","Male","Undergrad","Yes"
"4th","Male","Undergrad","Yes"
"4th","Male","Undergrad","Yes"
"4th","Male","Undergrad","Yes"
"4th","Male","Undergrad","Yes"
"4th","Male","Undergrad","Yes"
"4th","Male","Undergrad","Yes"
"4th","Male","Undergrad","Yes"
"4th","Male","Undergrad","Yes"
"4th","Male","Undergrad","Yes"
"4th","Male","Undergrad","Yes"
"4th","Male","Undergrad","Yes"
"4th","Male","Undergrad","Yes"
"4th","Male","Undergrad","Yes"
"4th","Male","Undergrad","Yes"
"4th","Male","Undergrad","Yes"
"4th","Male","Undergrad","Yes"
"4th","Male","Undergrad","Yes"
"4th","Male","Undergrad","Yes"
"4th","Male","Undergrad","Yes"
"4th","Male","Undergrad","Yes"
"4th","Male","Undergrad","Yes"
"4th","Male","Undergrad","Yes"
"4th","Male","Undergrad","Yes"
"4th","Male","Undergrad","Yes"
"4th","Male","Undergrad","Yes"
"4th","Male","Undergrad","Yes"
"4th","Male","Undergrad","Yes"
"4th","Male","Undergrad","Yes"
"4th","Male","Undergrad","Yes"
"4th","Male","Undergrad","Yes"
"4th","Male","Undergrad","Yes"
"4th","Male","Undergrad","Yes"
"4th","Male","Undergrad","Yes"
"4th","Male","Undergrad","Yes"
"4th","Male","Undergrad","Yes"
"4th","Male","Undergrad","Yes"
"4th","Male","Undergrad","Yes"
"4th","Male","Undergrad","Yes"
"4th","Male","Undergrad","Yes"
"4th","Male","Undergrad","Yes"
"4th","Male","Undergrad","Yes"
"4th","Male","Undergrad","Yes"
"4th","Male","Undergrad","Yes"
"4th","Male","Undergrad","Yes"
"4th","Male","Undergrad","Yes"
"4th","Male","Undergrad","Yes"
"4th","Male","Undergrad","Yes"
"4th","Male","Undergrad","Yes"
"4th","Male","Undergrad","Yes"
"4th","Male","Undergrad","Yes"
"4th","Male","Undergrad","Yes"
"4th","Male","Undergrad","Yes"
"4th","Male","Undergrad","Yes"
"4th","Male","Undergrad","Yes"
"4th","Male","Undergrad","Yes"
"4th","Male","Undergrad","Yes"
"4th","Male","Undergrad","Yes"
"4th","Male","Undergrad","Yes"
"4th","Male","Undergrad","Yes"
"4th","Male","Undergrad","Yes"
"4th","Male","Undergrad","Yes"
"4th","Male","Undergrad","Yes"
"4th","Male","Undergrad","Yes"
"4th","Male","Undergrad","Yes"
"4th","Male","Undergrad","Yes"
"4th","Male","Undergrad","Yes"
"4th","Male","Undergrad","Yes"
"4th","Male","Undergrad","Yes"
"4th","Male","Undergrad","Yes"
"4th","Male","Undergrad","Yes"
"4th","Male","Undergrad","Yes"
"4th","Male","Undergrad","Yes"
"4th","Male","Undergrad","Yes"
"4th","Male","Undergrad","Yes"
"4th","Male","Undergrad","Yes"
"4th","Male","Undergrad","Yes"
"4th","Male","Undergrad","Yes"
"4th","Male","Undergrad","Yes"
"4th","Male","Undergrad","Yes"
"4th","Male","Undergrad","Yes"
"4th","Male","Undergrad","Yes"
"4th","Male","Undergrad","Yes"
"4th","Male","Undergrad","Yes"
"4th","Male","Undergrad","Yes"
"4th","Male","Undergrad","Yes"
"4th","Male","Undergrad","Yes"
"4th","Male","Undergrad","Yes"
"4th","Male","Undergrad","Yes"
"4th","Male","Undergrad","Yes"
"4th","Male","Undergrad","Yes"
"1st","Female","Undergrad","Yes"
"1st","Female","Undergrad","Yes"
"1st","Female","Undergrad","Yes"
"1st","Female","Undergrad","Yes"
"1st","Female","Undergrad","Yes"
"1st","Female","Undergrad","Yes"
"1st","Female","Undergrad","Yes"
"1st","Female","Undergrad","Yes"
"1st","Female","Undergrad","Yes"
"1st","Female","Undergrad","Yes"
"1st","Female","Undergrad","Yes"
"1st","Female","Undergrad","Yes"
"1st","Female","Undergrad","Yes"
"1st","Female","Undergrad","Yes"
"1st","Female","Undergrad","Yes"
"1st","Female","Undergrad","Yes"
"1st","Female","Undergrad","Yes"
"1st","Female","Undergrad","Yes"
"1st","Female","Undergrad","Yes"
"1st","Female","Undergrad","Yes"
"1st","Female","Undergrad","Yes"
"1st","Female","Undergrad","Yes"
"1st","Female","Undergrad","Yes"
"1st","Female","Undergrad","Yes"
"1st","Female","Undergrad","Yes"
"1st","Female","Undergrad","Yes"
"1st","Female","Undergrad","Yes"
"1st","Female","Undergrad","Yes"
"1st","Female","Undergrad","Yes"
"1st","Female","Undergrad","Yes"
"1st","Female","Undergrad","Yes"
"1st","Female","Undergrad","Yes"
"1st","Female","Undergrad","Yes"
"1st","Female","Undergrad","Yes"
"1st","Female","Undergrad","Yes"
"1st","Female","Undergrad","Yes"
"1st","Female","Undergrad","Yes"
"1st","Female","Undergrad","Yes"
"1st","Female","Undergrad","Yes"
"1st","Female","Undergrad","Yes"
"1st","Female","Undergrad","Yes"
"1st","Female","Undergrad","Yes"
"1st","Female","Undergrad","Yes"
"1st","Female","Undergrad","Yes"
"1st","Female","Undergrad","Yes"
"1st","Female","Undergrad","Yes"
"1st","Female","Undergrad","Yes"
"1st","Female","Undergrad","Yes"
"1st","Female","Undergrad","Yes"
"1st","Female","Undergrad","Yes"
"1st","Female","Undergrad","Yes"
"1st","Female","Undergrad","Yes"
"1st","Female","Undergrad","Yes"
"1st","Female","Undergrad","Yes"
"1st","Female","Undergrad","Yes"
"1st","Female","Undergrad","Yes"
"1st","Female","Undergrad","Yes"
"1st","Female","Undergrad","Yes"
"1st","Female","Undergrad","Yes"
"1st","Female","Undergrad","Yes"
"1st","Female","Undergrad","Yes"
"1st","Female","Undergrad","Yes"
"1st","Female","Undergrad","Yes"
"1st","Female","Undergrad","Yes"
"1st","Female","Undergrad","Yes"
"1st","Female","Undergrad","Yes"
"1st","Female","Undergrad","Yes"
"1st","Female","Undergrad","Yes"
"1st","Female","Undergrad","Yes"
"1st","Female","Undergrad","Yes"
"1st","Female","Undergrad","Yes"
"1st","Female","Undergrad","Yes"
"1st","Female","Undergrad","Yes"
"1st","Female","Undergrad","Yes"
"1st","Female","Undergrad","Yes"
"1st","Female","Undergrad","Yes"
"1st","Female","Undergrad","Yes"
"1st","Female","Undergrad","Yes"
"1st","Female","Undergrad","Yes"
"1st","Female","Undergrad","Yes"
"1st","Female","Undergrad","Yes"
"1st","Female","Undergrad","Yes"
"1st","Female","Undergrad","Yes"
"1st","Female","Undergrad","Yes"
"1st","Female","Undergrad","Yes"
"1st","Female","Undergrad","Yes"
"1st","Female","Undergrad","Yes"
"1st","Female","Undergrad","Yes"
"1st","Female","Undergrad","Yes"
"1st","Female","Undergrad","Yes"
"1st","Female","Undergrad","Yes"
"1st","Female","Undergrad","Yes"
"1st","Female","Undergrad","Yes"
"1st","Female","Undergrad","Yes"
"1st","Female","Undergrad","Yes"
"1st","Female","Undergrad","Yes"
"1st","Female","Undergrad","Yes"
"1st","Female","Undergrad","Yes"
"1st","Female","Undergrad","Yes"
"1st","Female","Undergrad","Yes"
"1st","Female","Undergrad","Yes"
"1st","Female","Undergrad","Yes"
"1st","Female","Undergrad","Yes"
"1st","Female","Undergrad","Yes"
"1st","Female","Undergrad","Yes"
"1st","Female","Undergrad","Yes"
"1st","Female","Undergrad","Yes"
"1st","Female","Undergrad","Yes"
"1st","Female","Undergrad","Yes"
"1st","Female","Undergrad","Yes"
"1st","Female","Undergrad","Yes"
"1st","Female","Undergrad","Yes"
"1st","Female","Undergrad","Yes"
"1st","Female","Undergrad","Yes"
"1st","Female","Undergrad","Yes"
"1st","Female","Undergrad","Yes"
"1st","Female","Undergrad","Yes"
"1st","Female","Undergrad","Yes"
"1st","Female","Undergrad","Yes"
"1st","Female","Undergrad","Yes"
"1st","Female","Undergrad","Yes"
"1st","Female","Undergrad","Yes"
"1st","Female","Undergrad","Yes"
"1st","Female","Undergrad","Yes"
"1st","Female","Undergrad","Yes"
"1st","Female","Undergrad","Yes"
"1st","Female","Undergrad","Yes"
"1st","Female","Undergrad","Yes"
"1st","Female","Undergrad","Yes"
"1st","Female","Undergrad","Yes"
"1st","Female","Undergrad","Yes"
"1st","Female","Undergrad","Yes"
"1st","Female","Undergrad","Yes"
"1st","Female","Undergrad","Yes"
"1st","Female","Undergrad","Yes"
"1st","Female","Undergrad","Yes"
"1st","Female","Undergrad","Yes"
"1st","Female","Undergrad","Yes"
"1st","Female","Undergrad","Yes"
"1st","Female","Undergrad","Yes"
"2nd","Female","Undergrad","Yes"
"2nd","Female","Undergrad","Yes"
"2nd","Female","Undergrad","Yes"
"2nd","Female","Undergrad","Yes"
"2nd","Female","Undergrad","Yes"
"2nd","Female","Undergrad","Yes"
"2nd","Female","Undergrad","Yes"
"2nd","Female","Undergrad","Yes"
"2nd","Female","Undergrad","Yes"
"2nd","Female","Undergrad","Yes"
"2nd","Female","Undergrad","Yes"
"2nd","Female","Undergrad","Yes"
"2nd","Female","Undergrad","Yes"
"2nd","Female","Undergrad","Yes"
"2nd","Female","Undergrad","Yes"
"2nd","Female","Undergrad","Yes"
"2nd","Female","Undergrad","Yes"
"2nd","Female","Undergrad","Yes"
"2nd","Female","Undergrad","Yes"
"2nd","Female","Undergrad","Yes"
"2nd","Female","Undergrad","Yes"
"2nd","Female","Undergrad","Yes"
"2nd","Female","Undergrad","Yes"
"2nd","Female","Undergrad","Yes"
"2nd","Female","Undergrad","Yes"
"2nd","Female","Undergrad","Yes"
"2nd","Female","Undergrad","Yes"
"2nd","Female","Undergrad","Yes"
"2nd","Female","Undergrad","Yes"
"2nd","Female","Undergrad","Yes"
"2nd","Female","Undergrad","Yes"
"2nd","Female","Undergrad","Yes"
"2nd","Female","Undergrad","Yes"
"2nd","Female","Undergrad","Yes"
"2nd","Female","Undergrad","Yes"
"2nd","Female","Undergrad","Yes"
"2nd","Female","Undergrad","Yes"
"2nd","Female","Undergrad","Yes"
"2nd","Female","Undergrad","Yes"
"2nd","Female","Undergrad","Yes"
"2nd","Female","Undergrad","Yes"
"2nd","Female","Undergrad","Yes"
"2nd","Female","Undergrad","Yes"
"2nd","Female","Undergrad","Yes"
"2nd","Female","Undergrad","Yes"
"2nd","Female","Undergrad","Yes"
"2nd","Female","Undergrad","Yes"
"2nd","Female","Undergrad","Yes"
"2nd","Female","Undergrad","Yes"
"2nd","Female","Undergrad","Yes"
"2nd","Female","Undergrad","Yes"
"2nd","Female","Undergrad","Yes"
"2nd","Female","Undergrad","Yes"
"2nd","Female","Undergrad","Yes"
"2nd","Female","Undergrad","Yes"
"2nd","Female","Undergrad","Yes"
"2nd","Female","Undergrad","Yes"
"2nd","Female","Undergrad","Yes"
"2nd","Female","Undergrad","Yes"
"2nd","Female","Undergrad","Yes"
"2nd","Female","Undergrad","Yes"
"2nd","Female","Undergrad","Yes"
"2nd","Female","Undergrad","Yes"
"2nd","Female","Undergrad","Yes"
"2nd","Female","Undergrad","Yes"
"2nd","Female","Undergrad","Yes"
"2nd","Female","Undergrad","Yes"
"2nd","Female","Undergrad","Yes"
"2nd","Female","Undergrad","Yes"
"2nd","Female","Undergrad","Yes"
"2nd","Female","Undergrad","Yes"
"2nd","Female","Undergrad","Yes"
"2nd","Female","Undergrad","Yes"
"2nd","Female","Undergrad","Yes"
"2nd","Female","Undergrad","Yes"
"2nd","Female","Undergrad","Yes"
"2nd","Female","Undergrad","Yes"
"2nd","Female","Undergrad","Yes"
"2nd","Female","Undergrad","Yes"
"2nd","Female","Undergrad","Yes"
"3rd","Female","Undergrad","Yes"
"3rd","Female","Undergrad","Yes"
"3rd","Female","Undergrad","Yes"
"3rd","Female","Undergrad","Yes"
"3rd","Female","Undergrad","Yes"
"3rd","Female","Undergrad","Yes"
"3rd","Female","Undergrad","Yes"
"3rd","Female","Undergrad","Yes"
"3rd","Female","Undergrad","Yes"
"3rd","Female","Undergrad","Yes"
"3rd","Female","Undergrad","Yes"
"3rd","Female","Undergrad","Yes"
"3rd","Female","Undergrad","Yes"
"3rd","Female","Undergrad","Yes"
"3rd","Female","Undergrad","Yes"
"3rd","Female","Undergrad","Yes"
"3rd","Female","Undergrad","Yes"
"3rd","Female","Undergrad","Yes"
"3rd","Female","Undergrad","Yes"
"3rd","Female","Undergrad","Yes"
"3rd","Female","Undergrad","Yes"
"3rd","Female","Undergrad","Yes"
"3rd","Female","Undergrad","Yes"
"3rd","Female","Undergrad","Yes"
"3rd","Female","Undergrad","Yes"
"3rd","Female","Undergrad","Yes"
"3rd","Female","Undergrad","Yes"
"3rd","Female","Undergrad","Yes"
"3rd","Female","Undergrad","Yes"
"3rd","Female","Undergrad","Yes"
"3rd","Female","Undergrad","Yes"
"3rd","Female","Undergrad","Yes"
"3rd","Female","Undergrad","Yes"
"3rd","Female","Undergrad","Yes"
"3rd","Female","Undergrad","Yes"
"3rd","Female","Undergrad","Yes"
"3rd","Female","Undergrad","Yes"
"3rd","Female","Undergrad","Yes"
"3rd","Female","Undergrad","Yes"
"3rd","Female","Undergrad","Yes"
"3rd","Female","Undergrad","Yes"
"3rd","Female","Undergrad","Yes"
"3rd","Female","Undergrad","Yes"
"3rd","Female","Undergrad","Yes"
"3rd","Female","Undergrad","Yes"
"3rd","Female","Undergrad","Yes"
"3rd","Female","Undergrad","Yes"
"3rd","Female","Undergrad","Yes"
"3rd","Female","Undergrad","Yes"
"3rd","Female","Undergrad","Yes"
"3rd","Female","Undergrad","Yes"
"3rd","Female","Undergrad","Yes"
"3rd","Female","Undergrad","Yes"
"3rd","Female","Undergrad","Yes"
"3rd","Female","Undergrad","Yes"
"3rd","Female","Undergrad","Yes"
"3rd","Female","Undergrad","Yes"
"3rd","Female","Undergrad","Yes"
"3rd","Female","Undergrad","Yes"
"3rd","Female","Undergrad","Yes"
"3rd","Female","Undergrad","Yes"
"3rd","Female","Undergrad","Yes"
"3rd","Female","Undergrad","Yes"
"3rd","Female","Undergrad","Yes"
"3rd","Female","Undergrad","Yes"
"3rd","Female","Undergrad","Yes"
"3rd","Female","Undergrad","Yes"
"3rd","Female","Undergrad","Yes"
"3rd","Female","Undergrad","Yes"
"3rd","Female","Undergrad","Yes"
"3rd","Female","Undergrad","Yes"
"3rd","Female","Undergrad","Yes"
"3rd","Female","Undergrad","Yes"
"3rd","Female","Undergrad","Yes"
"3rd","Female","Undergrad","Yes"
"3rd","Female","Undergrad","Yes"
"4th","Female","Undergrad","Yes"
"4th","Female","Undergrad","Yes"
"4th","Female","Undergrad","Yes"
"4th","Female","Undergrad","Yes"
"4th","Female","Undergrad","Yes"
"4th","Female","Undergrad","Yes"
"4th","Female","Undergrad","Yes"
"4th","Female","Undergrad","Yes"
"4th","Female","Undergrad","Yes"
"4th","Female","Undergrad","Yes"
"4th","Female","Undergrad","Yes"
"4th","Female","Undergrad","Yes"
"4th","Female","Undergrad","Yes"
"4th","Female","Undergrad","Yes"
"4th","Female","Undergrad","Yes"
"4th","Female","Undergrad","Yes"
"4th","Female","Undergrad","Yes"
"4th","Female","Undergrad","Yes"
"4th","Female","Undergrad","Yes"
"4th","Female","Undergrad","Yes"
